{"cameraMode":{"drawMode":0,"name":"Shaded","section":"Shading Mode"},"sceneLighting":true,"audioPlay":false,"sceneViewState":{"m_AlwaysRefresh":false,"showFog":true,"showSkybox":true,"showFlares":true,"showImageEffects":true,"showParticleSystems":true,"showVisualEffectGraphs":true,"m_FxEnabled":true},"in2DMode":false,"pivot":{"x":-62.78751754760742,"y":8.043067932128907,"z":0.5155305862426758},"rotation":{"x":0.0004270905046723783,"y":0.726975679397583,"z":-0.6866757273674011,"w":0.0004384952480904758},"size":3.708984613418579,"orthographic":true}